sample	chr	pos	ref	alt	VAF	source	features_cov	features_seq	annotation
DNA-25916-CG001Qv42Run264-5_S5	chr19	4117563	GCTT	G	0.00502	CG001v3.4.62	SCOV:8167,TCOV:41,MCOV:33	WRU1:3,WRU2:1,WRU3:0,WRU4:1,VRU1:0,VRU2:0,VRU3:0,VRU4:0,HPL1:1,HPL2:G,HPR1:1,HPR2:C	G|conservative_inframe_deletion|MODERATE|MAP2K2|MAP2K2|transcript|NM_030662.3|protein_coding|2/11|c.154_156delAAG|p.Lys52del|410/1733|154/1203|52/400||
DNA-25941-CG001Qv42Run264-6_S6	chr19	4117563	GCTT	G	0.00894	CG001v3.4.62	SCOV:11185,TCOV:100,MCOV:78	WRU1:3,WRU2:1,WRU3:0,WRU4:1,VRU1:0,VRU2:0,VRU3:0,VRU4:0,HPL1:1,HPL2:G,HPR1:1,HPR2:C	G|conservative_inframe_deletion|MODERATE|MAP2K2|MAP2K2|transcript|NM_030662.3|protein_coding|2/11|c.154_156delAAG|p.Lys52del|410/1733|154/1203|52/400||
DNA-25942-CG001Qv42Run264-7_S7	chr19	4117563	GCTT	G	0.00729	CG001v3.4.62	SCOV:7273,TCOV:53,MCOV:43	WRU1:3,WRU2:1,WRU3:0,WRU4:1,VRU1:0,VRU2:0,VRU3:0,VRU4:0,HPL1:1,HPL2:G,HPR1:1,HPR2:C	G|conservative_inframe_deletion|MODERATE|MAP2K2|MAP2K2|transcript|NM_030662.3|protein_coding|2/11|c.154_156delAAG|p.Lys52del|410/1733|154/1203|52/400||
DNA-25943-CG001Qv42Run264-8_S8	chr19	4117563	GCTT	G	0.00715	CG001v3.4.62	SCOV:8954,TCOV:64,MCOV:57	WRU1:3,WRU2:1,WRU3:0,WRU4:1,VRU1:0,VRU2:0,VRU3:0,VRU4:0,HPL1:1,HPL2:G,HPR1:1,HPR2:C	G|conservative_inframe_deletion|MODERATE|MAP2K2|MAP2K2|transcript|NM_030662.3|protein_coding|2/11|c.154_156delAAG|p.Lys52del|410/1733|154/1203|52/400||
DNA-25944-CG001Qv42Run264-9_S9	chr19	4117563	GCTT	G	0.00824	CG001v3.4.62	SCOV:10554,TCOV:87,MCOV:65	WRU1:3,WRU2:1,WRU3:0,WRU4:1,VRU1:0,VRU2:0,VRU3:0,VRU4:0,HPL1:1,HPL2:G,HPR1:1,HPR2:C	G|conservative_inframe_deletion|MODERATE|MAP2K2|MAP2K2|transcript|NM_030662.3|protein_coding|2/11|c.154_156delAAG|p.Lys52del|410/1733|154/1203|52/400||
DNA-25944-CG001Qv42Run264-9_S9	chr7	55228052	TA	T	0.00589	CG001v4.0.50	SCOV:1188,TCOV:7,MCOV:4	WRU1:1,WRU2:1,WRU3:0,WRU4:0,VRU1:0,VRU2:0,VRU3:0,VRU4:0,HPL1:3,HPL2:T,HPR1:1,HPR2:G	T|downstream_gene_variant|MODIFIER|EGFR|EGFR|transcript|NM_201283.1|protein_coding||c.*3517delA|||||3409|,T|intron_variant|MODIFIER|EGFR|EGFR|transcript|NM_005228.3|protein_coding|12/27|c.1498+22delA||||||,T|intron_variant|MODIFIER|EGFR|EGFR|transcript|NM_201282.1|protein_coding|12/15|c.1498+22delA||||||,T|intron_variant|MODIFIER|EGFR|EGFR|transcript|NM_201284.1|protein_coding|12/15|c.1498+22delA||||||
DNA-25944-CG001Qv42Run264-9_S9	chr7	55242469	TTAAGAGAAG	C	0.03861	CG001v3.4.20	SCOV:2616,TCOV:101,MCOV:73	WRU1:10,WRU2:1,WRU3:0,WRU4:0,VRU1:1,VRU2:1,VRU3:0,VRU4:1,HPL1:2,HPL2:A,HPR1:1,HPR2:C	C|disruptive_inframe_deletion&synonymous_variant|MODERATE|EGFR|EGFR|transcript|NM_005228.3|protein_coding|19/28|c.2239_2248delTTAAGAGAAGinsC|p.Leu747_Ala750delinsPro|2485/5600|2239/3633|747/1210||,C|downstream_gene_variant|MODIFIER|EGFR-AS1|EGFR-AS1|transcript|NR_047551.1|pseudogene||n.*4965_*4974delCTTCTCTTAAinsG|||||4974|,C|downstream_gene_variant|MODIFIER|EGFR|EGFR|transcript|NM_201284.1|protein_coding||c.*4232_*4241delTTAAGAGAAGinsC|||||3731|
DNA-25945-CG001Qv42Run264-10_S10	chr12	25398298	CA	C	0.00557	CG001v3.4.56	SCOV:2874,TCOV:16,MCOV:12	WRU1:1,WRU2:1,WRU3:0,WRU4:0,VRU1:0,VRU2:0,VRU3:0,VRU4:0,HPL1:2,HPL2:C,HPR1:1,HPR2:C	C|frameshift_variant|HIGH|KRAS|KRAS|transcript|NM_033360.3|protein_coding|2/6|c.20delT|p.Val7fs|212/5889|20/570|7/189||,C|frameshift_variant|HIGH|KRAS|KRAS|transcript|NM_004985.4|protein_coding|2/5|c.20delT|p.Val7fs|212/5765|20/567|7/188||
DNA-25945-CG001Qv42Run264-10_S10	chr12	25398299	A	GC	0.00557	CG001v3.4.56	SCOV:2874,TCOV:16,MCOV:12	WRU1:1,WRU2:1,WRU3:0,WRU4:0,VRU1:2,VRU2:1,VRU3:0,VRU4:0,HPL1:2,HPL2:C,HPR1:1,HPR2:C	GC|frameshift_variant&missense_variant|HIGH|KRAS|KRAS|transcript|NM_033360.3|protein_coding|2/6|c.20delTinsGC|p.Val7fs|212/5889|20/570|7/189||,GC|frameshift_variant&missense_variant|HIGH|KRAS|KRAS|transcript|NM_004985.4|protein_coding|2/5|c.20delTinsGC|p.Val7fs|212/5765|20/567|7/188||
DNA-25945-CG001Qv42Run264-10_S10	chr12	25398297	C	CCG	0.00557	CG001v3.4.56	SCOV:2874,TCOV:16,MCOV:12	WRU1:0,WRU2:0,WRU3:0,WRU4:0,VRU1:2,VRU2:1,VRU3:0,VRU4:0,HPL1:1,HPL2:C,HPR1:1,HPR2:C	CCG|frameshift_variant|HIGH|KRAS|KRAS|transcript|NM_033360.3|protein_coding|2/6|c.21_22insCG|p.Val8fs|213/5889|21/570|7/189||,CCG|frameshift_variant|HIGH|KRAS|KRAS|transcript|NM_004985.4|protein_coding|2/5|c.21_22insCG|p.Val8fs|213/5765|21/567|7/188||
DNA-25947-CG001Qv42Run264-12_S12	chr19	4117563	GCTT	G	0.00696	CG001v3.4.62	SCOV:7754,TCOV:54,MCOV:42	WRU1:3,WRU2:1,WRU3:0,WRU4:1,VRU1:0,VRU2:0,VRU3:0,VRU4:0,HPL1:1,HPL2:G,HPR1:1,HPR2:C	G|conservative_inframe_deletion|MODERATE|MAP2K2|MAP2K2|transcript|NM_030662.3|protein_coding|2/11|c.154_156delAAG|p.Lys52del|410/1733|154/1203|52/400||
DNA-25948-CG001Qv42Run264-13_S13	chr19	4117563	GCTT	G	0.01391	CG001v3.4.62	SCOV:6400,TCOV:89,MCOV:72	WRU1:3,WRU2:1,WRU3:0,WRU4:1,VRU1:0,VRU2:0,VRU3:0,VRU4:0,HPL1:1,HPL2:G,HPR1:1,HPR2:C	G|conservative_inframe_deletion|MODERATE|MAP2K2|MAP2K2|transcript|NM_030662.3|protein_coding|2/11|c.154_156delAAG|p.Lys52del|410/1733|154/1203|52/400||
DNA-25948-CG001Qv42Run264-13_S13	chr4	55592163	A	ATGTGGGCAAGACTTC	0.242	CG001v4.0.2	SCOV:1843,TCOV:446,MCOV:384	WRU1:0,WRU2:0,WRU3:0,WRU4:0,VRU1:15,VRU2:1,VRU3:0,VRU4:1,HPL1:1,HPL2:A,HPR1:1,HPR2:T	ATGTGGGCAAGACTTC|disruptive_inframe_insertion|MODERATE|KIT|KIT|transcript|NM_000222.2|protein_coding|9/21|c.1490_1504dupTGGGCAAGACTTCTG|p.Val497_Ser501dup|1592/5176|1505/2931|502/976||INFO_REALIGN_3_PRIME,ATGTGGGCAAGACTTC|disruptive_inframe_insertion|MODERATE|KIT|KIT|transcript|NM_001093772.1|protein_coding|9/21|c.1490_1504dupTGGGCAAGACTTCTG|p.Val497_Ser501dup|1592/5164|1505/2919|502/972||INFO_REALIGN_3_PRIME
DNA-25949-CG001Qv42Run264-14_S14	chr19	4117563	GCTT	G	0.0089	CG001v3.4.62	SCOV:7302,TCOV:65,MCOV:49	WRU1:3,WRU2:1,WRU3:0,WRU4:1,VRU1:0,VRU2:0,VRU3:0,VRU4:0,HPL1:1,HPL2:G,HPR1:1,HPR2:C	G|conservative_inframe_deletion|MODERATE|MAP2K2|MAP2K2|transcript|NM_030662.3|protein_coding|2/11|c.154_156delAAG|p.Lys52del|410/1733|154/1203|52/400||
DNA-25949-CG001Qv42Run264-14_S14	chr1	14155400	ACG	A	0.00843	CG001v4.0.53	SCOV:1423,TCOV:12,MCOV:6	WRU1:2,WRU2:1,WRU3:0,WRU4:0,VRU1:0,VRU2:0,VRU3:0,VRU4:0,HPL1:1,HPL2:A,HPR1:1,HPR2:T	A|downstream_gene_variant|MODIFIER|PRDM2|PRDM2|transcript|NM_012231.4|protein_coding||c.*12359_*12360delCG|||||3827|,A|downstream_gene_variant|MODIFIER|PRDM2|PRDM2|transcript|NM_001135610.1|protein_coding||c.*5722_*5723delCG|||||3827|,A|intergenic_region|MODIFIER|PRDM2-KAZN|PRDM2-KAZN|intergenic_region|PRDM2-KAZN|||n.14155401_14155402delCG||||||
DNA-25949-CG001Qv42Run264-14_S14	chr7	55228052	TA	T	0.00635	CG001v4.0.50	SCOV:630,TCOV:4,MCOV:3	WRU1:1,WRU2:1,WRU3:0,WRU4:0,VRU1:0,VRU2:0,VRU3:0,VRU4:0,HPL1:3,HPL2:T,HPR1:1,HPR2:G	T|downstream_gene_variant|MODIFIER|EGFR|EGFR|transcript|NM_201283.1|protein_coding||c.*3517delA|||||3409|,T|intron_variant|MODIFIER|EGFR|EGFR|transcript|NM_005228.3|protein_coding|12/27|c.1498+22delA||||||,T|intron_variant|MODIFIER|EGFR|EGFR|transcript|NM_201282.1|protein_coding|12/15|c.1498+22delA||||||,T|intron_variant|MODIFIER|EGFR|EGFR|transcript|NM_201284.1|protein_coding|12/15|c.1498+22delA||||||
DNA-25949-CG001Qv42Run264-14_S14	chr17	37880981	A	AGCATACGTGATG	0.04968	CG001v3.4.25	SCOV:7468,TCOV:371,MCOV:297	WRU1:0,WRU2:0,WRU3:0,WRU4:0,VRU1:12,VRU2:1,VRU3:0,VRU4:1,HPL1:2,HPL2:A,HPR1:1,HPR2:G	AGCATACGTGATG|disruptive_inframe_insertion|MODERATE|ERBB2|ERBB2|transcript|NM_004448.3|protein_coding|20/27|c.2313_2324dupATACGTGATGGC|p.Ala775_Gly776insTyrValMetAla|2586/4647|2325/3768|775/1255||INFO_REALIGN_3_PRIME,AGCATACGTGATG|disruptive_inframe_insertion|MODERATE|ERBB2|ERBB2|transcript|NM_001005862.2|protein_coding|23/30|c.2223_2234dupATACGTGATGGC|p.Ala745_Gly746insTyrValMetAla|2811/4872|2235/3678|745/1225||INFO_REALIGN_3_PRIME,AGCATACGTGATG|disruptive_inframe_insertion|MODERATE|ERBB2|ERBB2|transcript|NM_001289936.1|protein_coding|24/31|c.2268_2279dupATACGTGATGGC|p.Ala760_Gly761insTyrValMetAla|2862/4923|2280/3723|760/1240||INFO_REALIGN_3_PRIME,AGCATACGTGATG|disruptive_inframe_insertion|MODERATE|ERBB2|ERBB2|transcript|NM_001289937.1|protein_coding|20/26|c.2313_2324dupATACGTGATGGC|p.Ala775_Gly776insTyrValMetAla|2586/4394|2325/3168|775/1055||INFO_REALIGN_3_PRIME,AGCATACGTGATG|upstream_gene_variant|MODIFIER|MIR4728|MIR4728|transcript|NR_039881.2|pseudogene||n.-1767_-1766insGCATACGTGATG|||||1766|,AGCATACGTGATG|downstream_gene_variant|MODIFIER|MIEN1|MIEN1|transcript|NM_032339.4|protein_coding||c.*4782_*4793dupCATCACGTATGC|||||3771|,AGCATACGTGATG|non_coding_transcript_exon_variant|MODIFIER|ERBB2|ERBB2|transcript|NR_110535.1|pseudogene|20/27|n.2637_2648dupATACGTGATGGC||||||INFO_REALIGN_3_PRIME
DNA-25949-CG001Qv42Run264-14_S14	chr3	32417643	AT	GG	0.006	CG001v4.0.21	SCOV:667,TCOV:4,MCOV:3	WRU1:2,WRU2:1,WRU3:0,WRU4:1,VRU1:1,VRU2:2,VRU3:0,VRU4:0,HPL1:4,HPL2:A,HPR1:1,HPR2:A	GG|intergenic_region|MODIFIER|CMTM8-CMTM7|CMTM8-CMTM7|intergenic_region|CMTM8-CMTM7|||n.32417643_32417644delATinsGG||||||
DNA-25950-CG001Qv42Run264-20_S20	chr19	4117563	GCTT	G	0.00708	CG001v3.4.62	SCOV:10176,TCOV:72,MCOV:57	WRU1:3,WRU2:1,WRU3:0,WRU4:1,VRU1:0,VRU2:0,VRU3:0,VRU4:0,HPL1:1,HPL2:G,HPR1:1,HPR2:C	G|conservative_inframe_deletion|MODERATE|MAP2K2|MAP2K2|transcript|NM_030662.3|protein_coding|2/11|c.154_156delAAG|p.Lys52del|410/1733|154/1203|52/400||
DNA-25950-CG001Qv42Run264-20_S20	chr17	7579411	G	GGGCC	0.01057	CG001v3.4.102,CG001v3.4.103	SCOV:7856,TCOV:83,MCOV:64	WRU1:0,WRU2:0,WRU3:0,WRU4:0,VRU1:4,VRU2:1,VRU3:0,VRU4:1,HPL1:2,HPL2:G,HPR1:2,HPR2:G	GGGCC|frameshift_variant|HIGH|TP53|TP53|transcript|NM_000546.5|protein_coding|4/11|c.272_275dupGGCC|p.Leu93fs|477/2591|275/1182|92/393||,GGGCC|frameshift_variant|HIGH|TP53|TP53|transcript|NM_001126112.2|protein_coding|4/11|c.272_275dupGGCC|p.Leu93fs|474/2588|275/1182|92/393||,GGGCC|frameshift_variant|HIGH|TP53|TP53|transcript|NM_001126113.2|protein_coding|4/12|c.272_275dupGGCC|p.Leu93fs|477/2651|275/1041|92/346||,GGGCC|frameshift_variant|HIGH|TP53|TP53|transcript|NM_001126114.2|protein_coding|4/12|c.272_275dupGGCC|p.Leu93fs|477/2724|275/1026|92/341||,GGGCC|frameshift_variant|HIGH|TP53|TP53|transcript|NM_001126118.1|protein_coding|3/10|c.155_158dupGGCC|p.Leu54fs|594/2708|158/1065|53/354||,GGGCC|frameshift_variant|HIGH|TP53|TP53|transcript|NM_001276695.1|protein_coding|4/12|c.155_158dupGGCC|p.Leu54fs|477/2651|158/924|53/307||,GGGCC|frameshift_variant|HIGH|TP53|TP53|transcript|NM_001276696.1|protein_coding|4/12|c.155_158dupGGCC|p.Leu54fs|477/2724|158/909|53/302||,GGGCC|frameshift_variant|HIGH|TP53|TP53|transcript|NM_001276760.1|protein_coding|4/11|c.155_158dupGGCC|p.Leu54fs|477/2591|158/1065|53/354||,GGGCC|frameshift_variant|HIGH|TP53|TP53|transcript|NM_001276761.1|protein_coding|4/11|c.155_158dupGGCC|p.Leu54fs|474/2588|158/1065|53/354||,GGGCC|upstream_gene_variant|MODIFIER|TP53|TP53|transcript|NM_001126115.1|protein_coding||c.-882_-879dupGGCC|||||601|,GGGCC|upstream_gene_variant|MODIFIER|TP53|TP53|transcript|NM_001126116.1|protein_coding||c.-882_-879dupGGCC|||||601|,GGGCC|upstream_gene_variant|MODIFIER|TP53|TP53|transcript|NM_001126117.1|protein_coding||c.-882_-879dupGGCC|||||601|,GGGCC|upstream_gene_variant|MODIFIER|TP53|TP53|transcript|NM_001276697.1|protein_coding||c.-963_-960dupGGCC|||||601|,GGGCC|upstream_gene_variant|MODIFIER|TP53|TP53|transcript|NM_001276698.1|protein_coding||c.-963_-960dupGGCC|||||601|,GGGCC|upstream_gene_variant|MODIFIER|TP53|TP53|transcript|NM_001276699.1|protein_coding||c.-963_-960dupGGCC|||||601|
DNA-26073-CG001Qv42Run264-16_S16	chr7	55228052	TA	T	0.0067	CG001v4.0.50	SCOV:895,TCOV:6,MCOV:3	WRU1:1,WRU2:1,WRU3:0,WRU4:0,VRU1:0,VRU2:0,VRU3:0,VRU4:0,HPL1:3,HPL2:T,HPR1:1,HPR2:G	T|downstream_gene_variant|MODIFIER|EGFR|EGFR|transcript|NM_201283.1|protein_coding||c.*3517delA|||||3409|,T|intron_variant|MODIFIER|EGFR|EGFR|transcript|NM_005228.3|protein_coding|12/27|c.1498+22delA||||||,T|intron_variant|MODIFIER|EGFR|EGFR|transcript|NM_201282.1|protein_coding|12/15|c.1498+22delA||||||,T|intron_variant|MODIFIER|EGFR|EGFR|transcript|NM_201284.1|protein_coding|12/15|c.1498+22delA||||||
DNA-26074-CG001Qv42Run264-17_S17	chr19	4117563	GCTT	G	0.00526	CG001v3.4.62	SCOV:7608,TCOV:40,MCOV:35	WRU1:3,WRU2:1,WRU3:0,WRU4:1,VRU1:0,VRU2:0,VRU3:0,VRU4:0,HPL1:1,HPL2:G,HPR1:1,HPR2:C	G|conservative_inframe_deletion|MODERATE|MAP2K2|MAP2K2|transcript|NM_030662.3|protein_coding|2/11|c.154_156delAAG|p.Lys52del|410/1733|154/1203|52/400||
DNA-26074-CG001Qv42Run264-17_S17	chr1	14155400	ACG	A	0.01013	CG001v4.0.53	SCOV:1481,TCOV:15,MCOV:8	WRU1:2,WRU2:1,WRU3:0,WRU4:0,VRU1:0,VRU2:0,VRU3:0,VRU4:0,HPL1:1,HPL2:A,HPR1:1,HPR2:T	A|downstream_gene_variant|MODIFIER|PRDM2|PRDM2|transcript|NM_012231.4|protein_coding||c.*12359_*12360delCG|||||3827|,A|downstream_gene_variant|MODIFIER|PRDM2|PRDM2|transcript|NM_001135610.1|protein_coding||c.*5722_*5723delCG|||||3827|,A|intergenic_region|MODIFIER|PRDM2-KAZN|PRDM2-KAZN|intergenic_region|PRDM2-KAZN|||n.14155401_14155402delCG||||||
DNA-26074-CG001Qv42Run264-17_S17	chr1	14155396	C	CCG	0.0054	CG001v4.0.53	SCOV:1481,TCOV:8,MCOV:8	WRU1:0,WRU2:0,WRU3:0,WRU4:0,VRU1:2,VRU2:1,VRU3:0,VRU4:0,HPL1:1,HPL2:C,HPR1:1,HPR2:C	CCG|downstream_gene_variant|MODIFIER|PRDM2|PRDM2|transcript|NM_012231.4|protein_coding||c.*12354_*12355insCG|||||3823|,CCG|downstream_gene_variant|MODIFIER|PRDM2|PRDM2|transcript|NM_001135610.1|protein_coding||c.*5717_*5718insCG|||||3823|,CCG|intergenic_region|MODIFIER|PRDM2-KAZN|PRDM2-KAZN|intergenic_region|PRDM2-KAZN|||n.14155396_14155397insCG||||||
DNA-26075-CG001Qv42Run264-18_S18	chr19	4117563	GCTT	G	0.00751	CG001v3.4.62	SCOV:7721,TCOV:58,MCOV:49	WRU1:3,WRU2:1,WRU3:0,WRU4:1,VRU1:0,VRU2:0,VRU3:0,VRU4:0,HPL1:1,HPL2:G,HPR1:1,HPR2:C	G|conservative_inframe_deletion|MODERATE|MAP2K2|MAP2K2|transcript|NM_030662.3|protein_coding|2/11|c.154_156delAAG|p.Lys52del|410/1733|154/1203|52/400||
DNA-26076-CG001Qv42Run264-19_S19	chr19	4117563	GCTT	G	0.00684	CG001v3.4.62	SCOV:8330,TCOV:57,MCOV:43	WRU1:3,WRU2:1,WRU3:0,WRU4:1,VRU1:0,VRU2:0,VRU3:0,VRU4:0,HPL1:1,HPL2:G,HPR1:1,HPR2:C	G|conservative_inframe_deletion|MODERATE|MAP2K2|MAP2K2|transcript|NM_030662.3|protein_coding|2/11|c.154_156delAAG|p.Lys52del|410/1733|154/1203|52/400||
DNA-26076-CG001Qv42Run264-19_S19	chr7	55228052	TAG	T	0.00886	CG001v4.0.50	SCOV:1355,TCOV:12,MCOV:9	WRU1:2,WRU2:1,WRU3:0,WRU4:0,VRU1:0,VRU2:0,VRU3:0,VRU4:0,HPL1:3,HPL2:T,HPR1:3,HPR2:T	T|downstream_gene_variant|MODIFIER|EGFR|EGFR|transcript|NM_201283.1|protein_coding||c.*3517_*3518delAG|||||3409|,T|intron_variant|MODIFIER|EGFR|EGFR|transcript|NM_005228.3|protein_coding|12/27|c.1498+22_1498+23delAG||||||,T|intron_variant|MODIFIER|EGFR|EGFR|transcript|NM_201282.1|protein_coding|12/15|c.1498+22_1498+23delAG||||||,T|intron_variant|MODIFIER|EGFR|EGFR|transcript|NM_201284.1|protein_coding|12/15|c.1498+22_1498+23delAG||||||
DNA-26076-CG001Qv42Run264-19_S19	chr7	55228055	T	TGC	0.00738	CG001v4.0.50	SCOV:1355,TCOV:10,MCOV:9	WRU1:0,WRU2:0,WRU3:0,WRU4:0,VRU1:2,VRU2:1,VRU3:0,VRU4:0,HPL1:1,HPL2:T,HPR1:2,HPR2:T	TGC|downstream_gene_variant|MODIFIER|EGFR|EGFR|transcript|NM_201283.1|protein_coding||c.*3519_*3520insGC|||||3412|,TGC|intron_variant|MODIFIER|EGFR|EGFR|transcript|NM_005228.3|protein_coding|12/27|c.1498+24_1498+25insGC||||||,TGC|intron_variant|MODIFIER|EGFR|EGFR|transcript|NM_201282.1|protein_coding|12/15|c.1498+24_1498+25insGC||||||,TGC|intron_variant|MODIFIER|EGFR|EGFR|transcript|NM_201284.1|protein_coding|12/15|c.1498+24_1498+25insGC||||||
DNA-26078-CG001Qv42Run264-21_S21	chr12	25398298	CA	C	0.00839	CG001v3.4.56	SCOV:4051,TCOV:34,MCOV:30	WRU1:1,WRU2:1,WRU3:0,WRU4:0,VRU1:0,VRU2:0,VRU3:0,VRU4:0,HPL1:2,HPL2:C,HPR1:1,HPR2:C	C|frameshift_variant|HIGH|KRAS|KRAS|transcript|NM_033360.3|protein_coding|2/6|c.20delT|p.Val7fs|212/5889|20/570|7/189||,C|frameshift_variant|HIGH|KRAS|KRAS|transcript|NM_004985.4|protein_coding|2/5|c.20delT|p.Val7fs|212/5765|20/567|7/188||
DNA-26078-CG001Qv42Run264-21_S21	chr12	25398299	A	GC	0.00815	CG001v3.4.56	SCOV:4051,TCOV:33,MCOV:30	WRU1:1,WRU2:1,WRU3:0,WRU4:0,VRU1:2,VRU2:1,VRU3:0,VRU4:0,HPL1:2,HPL2:C,HPR1:1,HPR2:C	GC|frameshift_variant&missense_variant|HIGH|KRAS|KRAS|transcript|NM_033360.3|protein_coding|2/6|c.20delTinsGC|p.Val7fs|212/5889|20/570|7/189||,GC|frameshift_variant&missense_variant|HIGH|KRAS|KRAS|transcript|NM_004985.4|protein_coding|2/5|c.20delTinsGC|p.Val7fs|212/5765|20/567|7/188||
DNA-26078-CG001Qv42Run264-21_S21	chr12	25398297	C	CCG	0.00815	CG001v3.4.56	SCOV:4051,TCOV:33,MCOV:30	WRU1:0,WRU2:0,WRU3:0,WRU4:0,VRU1:2,VRU2:1,VRU3:0,VRU4:0,HPL1:1,HPL2:C,HPR1:1,HPR2:C	CCG|frameshift_variant|HIGH|KRAS|KRAS|transcript|NM_033360.3|protein_coding|2/6|c.21_22insCG|p.Val8fs|213/5889|21/570|7/189||,CCG|frameshift_variant|HIGH|KRAS|KRAS|transcript|NM_004985.4|protein_coding|2/5|c.21_22insCG|p.Val8fs|213/5765|21/567|7/188||
DNA-26228-CG001Qv42Run264-22_S22	chr6	152419911	TGG	T	0.06999	CG001v3.4.31	SCOV:13816,TCOV:967,MCOV:830	WRU1:1,WRU2:2,WRU3:0,WRU4:0,VRU1:0,VRU2:0,VRU3:0,VRU4:0,HPL1:1,HPL2:T,HPR1:1,HPR2:T	T|frameshift_variant|HIGH|ESR1|ESR1|transcript|NM_001291230.1|protein_coding|9/9|c.1605_1606delGG|p.Val536fs|1823/6319|1605/1794|535/597||,T|frameshift_variant|HIGH|ESR1|ESR1|transcript|NM_001122742.1|protein_coding|10/10|c.1599_1600delGG|p.Val534fs|1969/6465|1599/1788|533/595||,T|frameshift_variant|HIGH|ESR1|ESR1|transcript|NM_001122741.1|protein_coding|9/9|c.1599_1600delGG|p.Val534fs|1817/6313|1599/1788|533/595||,T|frameshift_variant|HIGH|ESR1|ESR1|transcript|NM_001291241.1|protein_coding|9/9|c.1596_1597delGG|p.Val533fs|1814/6310|1596/1785|532/594||,T|frameshift_variant|HIGH|ESR1|ESR1|transcript|NM_001122740.1|protein_coding|9/9|c.1599_1600delGG|p.Val534fs|1860/6356|1599/1788|533/595||,T|frameshift_variant|HIGH|ESR1|ESR1|transcript|NM_000125.3|protein_coding|8/8|c.1599_1600delGG|p.Val534fs|1833/6329|1599/1788|533/595||,T|intron_variant|MODIFIER|ESR1|ESR1|transcript|NM_001328100.1|protein_coding|6/6|c.851-26489_851-26488delGG||||||
DNA-26228-CG001Qv42Run264-22_S22	chr7	55228052	TA	T	0.00687	CG001v4.0.50	SCOV:1310,TCOV:9,MCOV:5	WRU1:1,WRU2:1,WRU3:0,WRU4:0,VRU1:0,VRU2:0,VRU3:0,VRU4:0,HPL1:3,HPL2:T,HPR1:1,HPR2:G	T|downstream_gene_variant|MODIFIER|EGFR|EGFR|transcript|NM_201283.1|protein_coding||c.*3517delA|||||3409|,T|intron_variant|MODIFIER|EGFR|EGFR|transcript|NM_005228.3|protein_coding|12/27|c.1498+22delA||||||,T|intron_variant|MODIFIER|EGFR|EGFR|transcript|NM_201282.1|protein_coding|12/15|c.1498+22delA||||||,T|intron_variant|MODIFIER|EGFR|EGFR|transcript|NM_201284.1|protein_coding|12/15|c.1498+22delA||||||
DNA-26228-CG001Qv42Run264-22_S22	chr6	152419910	G	GTT	0.06956	CG001v3.4.31	SCOV:13816,TCOV:961,MCOV:830	WRU1:0,WRU2:0,WRU3:0,WRU4:0,VRU1:1,VRU2:2,VRU3:0,VRU4:1,HPL1:1,HPL2:G,HPR1:1,HPR2:T	GTT|frameshift_variant|HIGH|ESR1|ESR1|transcript|NM_001291230.1|protein_coding|9/9|c.1604_1605insTT|p.Val536fs|1823/6319|1605/1794|535/597||INFO_REALIGN_3_PRIME,GTT|frameshift_variant|HIGH|ESR1|ESR1|transcript|NM_001122742.1|protein_coding|10/10|c.1598_1599insTT|p.Val534fs|1969/6465|1599/1788|533/595||INFO_REALIGN_3_PRIME,GTT|frameshift_variant|HIGH|ESR1|ESR1|transcript|NM_001122741.1|protein_coding|9/9|c.1598_1599insTT|p.Val534fs|1817/6313|1599/1788|533/595||INFO_REALIGN_3_PRIME,GTT|frameshift_variant|HIGH|ESR1|ESR1|transcript|NM_001291241.1|protein_coding|9/9|c.1595_1596insTT|p.Val533fs|1814/6310|1596/1785|532/594||INFO_REALIGN_3_PRIME,GTT|frameshift_variant|HIGH|ESR1|ESR1|transcript|NM_001122740.1|protein_coding|9/9|c.1598_1599insTT|p.Val534fs|1860/6356|1599/1788|533/595||INFO_REALIGN_3_PRIME,GTT|frameshift_variant|HIGH|ESR1|ESR1|transcript|NM_000125.3|protein_coding|8/8|c.1598_1599insTT|p.Val534fs|1833/6329|1599/1788|533/595||INFO_REALIGN_3_PRIME,GTT|intron_variant|MODIFIER|ESR1|ESR1|transcript|NM_001328100.1|protein_coding|6/6|c.851-26490_851-26489insTT||||||INFO_REALIGN_3_PRIME
DNA-26228-CG001Qv42Run264-22_S22	chr6	152419912	GG	TT	0.06956	CG001v3.4.31	SCOV:13816,TCOV:961,MCOV:830	WRU1:1,WRU2:2,WRU3:0,WRU4:0,VRU1:1,VRU2:2,VRU3:1,VRU4:1,HPL1:1,HPL2:T,HPR1:1,HPR2:T	TT|missense_variant|MODERATE|ESR1|ESR1|transcript|NM_001291230.1|protein_coding|9/9|c.1605_1606delGGinsTT|p.Val536Leu|1823/6319|1605/1794|535/597||,TT|missense_variant|MODERATE|ESR1|ESR1|transcript|NM_001122742.1|protein_coding|10/10|c.1599_1600delGGinsTT|p.Val534Leu|1969/6465|1599/1788|533/595||,TT|missense_variant|MODERATE|ESR1|ESR1|transcript|NM_001122741.1|protein_coding|9/9|c.1599_1600delGGinsTT|p.Val534Leu|1817/6313|1599/1788|533/595||,TT|missense_variant|MODERATE|ESR1|ESR1|transcript|NM_001291241.1|protein_coding|9/9|c.1596_1597delGGinsTT|p.Val533Leu|1814/6310|1596/1785|532/594||,TT|missense_variant|MODERATE|ESR1|ESR1|transcript|NM_001122740.1|protein_coding|9/9|c.1599_1600delGGinsTT|p.Val534Leu|1860/6356|1599/1788|533/595||,TT|missense_variant|MODERATE|ESR1|ESR1|transcript|NM_000125.3|protein_coding|8/8|c.1599_1600delGGinsTT|p.Val534Leu|1833/6329|1599/1788|533/595||,TT|intron_variant|MODIFIER|ESR1|ESR1|transcript|NM_001328100.1|protein_coding|6/6|c.851-26489_851-26488delGGinsTT||||||
DNA-26229-CG001Qv42Run264-23_S23	chr19	4117563	GCTT	G	0.00622	CG001v3.4.62	SCOV:7711,TCOV:48,MCOV:36	WRU1:3,WRU2:1,WRU3:0,WRU4:1,VRU1:0,VRU2:0,VRU3:0,VRU4:0,HPL1:1,HPL2:G,HPR1:1,HPR2:C	G|conservative_inframe_deletion|MODERATE|MAP2K2|MAP2K2|transcript|NM_030662.3|protein_coding|2/11|c.154_156delAAG|p.Lys52del|410/1733|154/1203|52/400||
QMRS-CG001Qv42Run264-2_S2	chr12	25398298	CA	C	0.0059	CG001v3.4.56	SCOV:3559,TCOV:21,MCOV:19	WRU1:1,WRU2:1,WRU3:0,WRU4:0,VRU1:0,VRU2:0,VRU3:0,VRU4:0,HPL1:2,HPL2:C,HPR1:1,HPR2:C	C|frameshift_variant|HIGH|KRAS|KRAS|transcript|NM_033360.3|protein_coding|2/6|c.20delT|p.Val7fs|212/5889|20/570|7/189||,C|frameshift_variant|HIGH|KRAS|KRAS|transcript|NM_004985.4|protein_coding|2/5|c.20delT|p.Val7fs|212/5765|20/567|7/188||
QMRS-CG001Qv42Run264-2_S2	chr3	41266133	CCTT	C	0.07932	CG001v3.4.13	SCOV:10060,TCOV:798,MCOV:654	WRU1:3,WRU2:1,WRU3:0,WRU4:0,VRU1:0,VRU2:0,VRU3:0,VRU4:0,HPL1:1,HPL2:C,HPR1:1,HPR2:C	C|conservative_inframe_deletion|MODERATE|CTNNB1|CTNNB1|transcript|NM_001098209.1|protein_coding|3/16|c.133_135delTCT|p.Ser45del|401/3415|133/2346|45/781||INFO_REALIGN_3_PRIME,C|conservative_inframe_deletion|MODERATE|CTNNB1|CTNNB1|transcript|NM_001098210.1|protein_coding|3/16|c.133_135delTCT|p.Ser45del|401/3256|133/2346|45/781||INFO_REALIGN_3_PRIME,C|conservative_inframe_deletion|MODERATE|CTNNB1|CTNNB1|transcript|NM_001904.3|protein_coding|3/15|c.133_135delTCT|p.Ser45del|401/3720|133/2346|45/781||INFO_REALIGN_3_PRIME
QMRS-CG001Qv42Run264-2_S2	chr7	55242464	AGGAATTAAGAGAAGC	A	0.02143	CG001v3.4.20	SCOV:3920,TCOV:84,MCOV:67	WRU1:15,WRU2:1,WRU3:0,WRU4:0,VRU1:0,VRU2:0,VRU3:0,VRU4:0,HPL1:2,HPL2:A,HPR1:2,HPR2:A	A|disruptive_inframe_deletion|MODERATE|EGFR|EGFR|transcript|NM_005228.3|protein_coding|19/28|c.2235_2249delGGAATTAAGAGAAGC|p.Glu746_Ala750del|2481/5600|2235/3633|745/1210||,A|downstream_gene_variant|MODIFIER|EGFR-AS1|EGFR-AS1|transcript|NR_047551.1|pseudogene||n.*4964_*4978delGCTTCTCTTAATTCC|||||4978|,A|downstream_gene_variant|MODIFIER|EGFR|EGFR|transcript|NM_201284.1|protein_coding||c.*4228_*4242delGGAATTAAGAGAAGC|||||3727|
QMRS-CG001Qv42Run264-2_S2	chr12	25398299	A	GC	0.0059	CG001v3.4.56	SCOV:3559,TCOV:21,MCOV:19	WRU1:1,WRU2:1,WRU3:0,WRU4:0,VRU1:2,VRU2:1,VRU3:0,VRU4:0,HPL1:2,HPL2:C,HPR1:1,HPR2:C	GC|frameshift_variant&missense_variant|HIGH|KRAS|KRAS|transcript|NM_033360.3|protein_coding|2/6|c.20delTinsGC|p.Val7fs|212/5889|20/570|7/189||,GC|frameshift_variant&missense_variant|HIGH|KRAS|KRAS|transcript|NM_004985.4|protein_coding|2/5|c.20delTinsGC|p.Val7fs|212/5765|20/567|7/188||
QMRS-CG001Qv42Run264-2_S2	chr12	25398297	C	CCG	0.0059	CG001v3.4.56	SCOV:3559,TCOV:21,MCOV:19	WRU1:0,WRU2:0,WRU3:0,WRU4:0,VRU1:2,VRU2:1,VRU3:0,VRU4:0,HPL1:1,HPL2:C,HPR1:1,HPR2:C	CCG|frameshift_variant|HIGH|KRAS|KRAS|transcript|NM_033360.3|protein_coding|2/6|c.21_22insCG|p.Val8fs|213/5889|21/570|7/189||,CCG|frameshift_variant|HIGH|KRAS|KRAS|transcript|NM_004985.4|protein_coding|2/5|c.21_22insCG|p.Val8fs|213/5765|21/567|7/188||