sample	chr	pos	ref	alt	VAF	source_coverage	total_coverage	max_coverage	source	annotation
DNA-23323-CG001Qv42Run231-4_S4	chr19	4117563	GCTT	G	0.00725	9247	67	64	CG001v3.4.62	conservative_inframe_deletion|MODERATE|MAP2K2
DNA-23323-CG001Qv42Run231-4_S4	chr1	14155400	ACG	A	0.0071	2252	16	8	CG001v4.0.53	downstream_gene_variant|MODIFIER|PRDM2,intergenic_region|MODIFIER|PRDM2-KAZN
DNA-23323-CG001Qv42Run231-4_S4	chr7	55228052	TAG	T	0.00784	765	6	3	CG001v4.0.50	downstream_gene_variant|MODIFIER|EGFR,intron_variant|MODIFIER|EGFR
DNA-23324-CG001Qv42Run231-5_S5	chr19	4117563	GCTT	G	0.00715	11752	84	76	CG001v3.4.62	conservative_inframe_deletion|MODERATE|MAP2K2
DNA-23325-CG001Qv42Run231-6_S6	chr19	4117563	GCTT	G	0.00606	10563	64	58	CG001v3.4.62	conservative_inframe_deletion|MODERATE|MAP2K2
DNA-23325-CG001Qv42Run231-6_S6	chr1	14155400	ACG	A	0.00619	1293	8	4	CG001v4.0.53	downstream_gene_variant|MODIFIER|PRDM2,intergenic_region|MODIFIER|PRDM2-KAZN
DNA-23326-CG001Qv42Run231-7_S7	chr19	4117563	GCTT	G	0.0092	12825	118	102	CG001v3.4.62	conservative_inframe_deletion|MODERATE|MAP2K2
DNA-23326-CG001Qv42Run231-7_S7	chr7	55228052	TA	T	0.00795	880	7	5	CG001v4.0.50	downstream_gene_variant|MODIFIER|EGFR,intron_variant|MODIFIER|EGFR
DNA-23326-CG001Qv42Run231-7_S7	chr7	55228049	G	GC	0.00568	880	5	5	CG001v4.0.50	downstream_gene_variant|MODIFIER|EGFR,intron_variant|MODIFIER|EGFR
DNA-23328-CG001Qv42Run231-8_S8	chr19	4117563	GCTT	G	0.00845	6624	56	48	CG001v3.4.62	conservative_inframe_deletion|MODERATE|MAP2K2
DNA-23328-CG001Qv42Run231-8_S8	chr1	14155396	CCA	C	0.00518	2125	11	9	CG001v4.0.53	downstream_gene_variant|MODIFIER|PRDM2,intergenic_region|MODIFIER|PRDM2-KAZN
DNA-23328-CG001Qv42Run231-8_S8	chr7	55228052	TA	T	0.00543	552	3	2	CG001v4.0.50	downstream_gene_variant|MODIFIER|EGFR,intron_variant|MODIFIER|EGFR
DNA-23328-CG001Qv42Run231-8_S8	chr1	14155398	A	ACG	0.00518	2125	11	9	CG001v4.0.53	downstream_gene_variant|MODIFIER|PRDM2,intergenic_region|MODIFIER|PRDM2-KAZN
DNA-23328-CG001Qv42Run231-8_S8	chr1	14155402	G	GCA	0.00518	2125	11	9	CG001v4.0.53	downstream_gene_variant|MODIFIER|PRDM2,intergenic_region|MODIFIER|PRDM2-KAZN
DNA-23329-CG001Qv42Run231-9_S9	chr19	4117563	GCTT	G	0.00693	11983	83	75	CG001v3.4.62	conservative_inframe_deletion|MODERATE|MAP2K2
DNA-23330-CG001Qv42Run231-10_S10	chr19	4117563	GCTT	G	0.00926	10902	101	84	CG001v3.4.62	conservative_inframe_deletion|MODERATE|MAP2K2
DNA-23389-CG001Qv42Run231-12_S12	chr19	4117563	GCTT	G	0.01059	9817	104	90	CG001v3.4.62	conservative_inframe_deletion|MODERATE|MAP2K2
DNA-23390-CG001Qv42Run231-13_S13	chr17	7579358	CG	C	0.21032	5425	1141	894	CG001v3.4.102	frameshift_variant|HIGH|TP53,upstream_gene_variant|MODIFIER|TP53
DNA-23391-CG001Qv42Run231-14_S14	chr19	4117563	GCTT	G	0.00779	10782	84	73	CG001v3.4.62	conservative_inframe_deletion|MODERATE|MAP2K2
DNA-23394-CG001Qv42Run231-17_S17	chr19	4117563	GCTT	G	0.01058	9735	103	92	CG001v3.4.62	conservative_inframe_deletion|MODERATE|MAP2K2
DNA-23395-CG001Qv42Run231-18_S18	chr19	4117563	GCTT	G	0.00707	11308	80	72	CG001v3.4.62	conservative_inframe_deletion|MODERATE|MAP2K2
DNA-23396-CG001Qv42Run231-19_S19	chr19	4117563	GCTT	G	0.01735	8068	140	127	CG001v3.4.62	conservative_inframe_deletion|MODERATE|MAP2K2
DNA-23396-CG001Qv42Run231-19_S19	chr1	14155396	CCA	C	0.00563	2131	12	10	CG001v4.0.53	downstream_gene_variant|MODIFIER|PRDM2,intergenic_region|MODIFIER|PRDM2-KAZN
DNA-23396-CG001Qv42Run231-19_S19	chr1	14155398	A	ACG	0.00563	2131	12	10	CG001v4.0.53	downstream_gene_variant|MODIFIER|PRDM2,intergenic_region|MODIFIER|PRDM2-KAZN
DNA-23396-CG001Qv42Run231-19_S19	chr1	14155402	G	GCA	0.00563	2131	12	10	CG001v4.0.53	downstream_gene_variant|MODIFIER|PRDM2,intergenic_region|MODIFIER|PRDM2-KAZN
DNA-23397-CG001Qv42Run231-20_S20	chr19	4117563	GCTT	G	0.00688	8727	60	57	CG001v3.4.62	conservative_inframe_deletion|MODERATE|MAP2K2
DNA-23398-CG001Qv42Run231-21_S21	chr19	4117563	GCTT	G	0.01244	11492	143	122	CG001v3.4.62	conservative_inframe_deletion|MODERATE|MAP2K2
DNA-23399-CG001Qv42Run231-22_S22	chr19	4117563	GCTT	G	0.00888	8668	77	67	CG001v3.4.62	conservative_inframe_deletion|MODERATE|MAP2K2
DNA-23400-CG001Qv42Run231-23_S23	chr19	4117563	GCTT	G	0.00829	7238	60	55	CG001v3.4.62	conservative_inframe_deletion|MODERATE|MAP2K2
DNA-23400-CG001Qv42Run231-23_S23	chr7	55228052	TAG	T	0.00597	1005	6	3	CG001v4.0.50	downstream_gene_variant|MODIFIER|EGFR,intron_variant|MODIFIER|EGFR
DNA-23400-CG001Qv42Run231-23_S23	chr20	51296161	AT	GC	0.00923	867	8	7	CG001v4.0.59	intergenic_region|MODIFIER|LINC01524-TSHZ2
NF-CG001Qv42Run231-3_S3	chr12	25398298	CA	C	0.00509	2159	11	11	CG001v3.4.56	frameshift_variant|HIGH|KRAS
NF-CG001Qv42Run231-3_S3	chr12	25398299	A	GC	0.00509	2159	11	11	CG001v3.4.56	frameshift_variant&missense_variant|HIGH|KRAS
NF-CG001Qv42Run231-3_S3	chr12	25398297	C	CCG	0.00509	2159	11	11	CG001v3.4.56	frameshift_variant|HIGH|KRAS
QMRS-CG001Qv42Run231-24_S24	chr3	41266133	CCTT	C	0.07493	10170	762	688	CG001v3.4.13	conservative_inframe_deletion|MODERATE|CTNNB1
QMRS-CG001Qv42Run231-24_S24	chr7	55242464	AGGAATTAAGAGAAGC	A	0.01671	2872	48	37	CG001v3.4.20	downstream_gene_variant|MODIFIER|EGFR-AS1,disruptive_inframe_deletion|MODERATE|EGFR,downstream_gene_variant|MODIFIER|EGFR
QMRS-CG001Qv42Run231-2_S2	chr19	4117563	GCTT	G	0.00516	9489	49	45	CG001v3.4.62	conservative_inframe_deletion|MODERATE|MAP2K2
QMRS-CG001Qv42Run231-2_S2	chr1	14155400	ACG	A	0.01086	1105	12	6	CG001v4.0.53	downstream_gene_variant|MODIFIER|PRDM2,intergenic_region|MODIFIER|PRDM2-KAZN
QMRS-CG001Qv42Run231-2_S2	chr3	41266133	CCTT	C	0.07817	11168	873	778	CG001v3.4.13	conservative_inframe_deletion|MODERATE|CTNNB1
QMRS-CG001Qv42Run231-2_S2	chr7	55242464	AGGAATTAAGAGAAGC	A	0.0141	3758	53	42	CG001v3.4.20	downstream_gene_variant|MODIFIER|EGFR-AS1,disruptive_inframe_deletion|MODERATE|EGFR,downstream_gene_variant|MODIFIER|EGFR
QMRS-CG001Qv42Run231-2_S2	chr1	14155396	C	CCG	0.00543	1105	6	6	CG001v4.0.53	downstream_gene_variant|MODIFIER|PRDM2,intergenic_region|MODIFIER|PRDM2-KAZN